lot_number,title,year,category,description,tags,status
0,1985 GMC jimmy,,Classics,,Impound,sold
0-A-Pr,Chevy corvairs,,Cars & sedans,,,sold
1,1983 F150,1983,Trucks & SUVs,,,sold
2,2005 Chevy Equinox,2005,Cars & sedans,,No key|Recon title,sold
3,2015 Nissan Altima,2015,Cars & sedans,,No key|No title|Impound,sold
4,1994 Honda Accord,1994,Cars & sedans,,No key|No title|Impound,sold
5,60kw Generator,,Equipment & machines,,Operational,sold
6,1968 Int. scout,1968,Classics,,No key|Rare,sold
7,Flatbed trailer,,Boats & trailers,,No title,sold
8,1991 Dodge Dakota,1991,Trucks & SUVs,,No key,sold
9,2010 Ford fusion,2010,Cars & sedans,,Drove in,sold
10,2002 Ford explorer,2002,Trucks & SUVs,,Drove in,sold
11,2006 Caddy escalade,2006,Trucks & SUVs,,Recon title|Drove in,sold
12,2012 Ford F-250,2012,Trucks & SUVs,,Drove in,sold
13,Dune buggy project,,Equipment & machines,,No key|No title,sold
14,2023 Enfield,2023,Motorcycles & ATVs,,Drove in,sold
15,2014 GMC Acadia,2014,Trucks & SUVs,,Drove in,sold
16,2006 Pont. G6,2006,Cars & sedans,,Drove in,sold
17,2015 Nissan versa,2015,Cars & sedans,,Drove in,sold
18,2017 Nissan Altima,2017,Cars & sedans,,Recon title|Drove in,sold
19,2001 Acura,2001,Cars & sedans,,Needs work,sold
20,2004 Expedition,2004,Trucks & SUVs,,No key|No title,sold
21,2008 Ford Eco van,2008,Trucks & SUVs,,Drove in,sold
22,2020 Chevy trax,2020,Trucks & SUVs,,Drove in,sold
23,2000 Jeep GC,2000,Trucks & SUVs,,Drove in,sold
24,2014 Ford Taurus,2014,Cars & sedans,,Drove in,sold
25,2011 Ford F-150,2011,Trucks & SUVs,,Drove in|Needs work,sold
26,1999 GMC Yukon,1999,Trucks & SUVs,,No key|Recon title|Drove in,sold
27,2013 Subaru outback,2013,Trucks & SUVs,,No title|Drove in,sold
28,2005 Pont. G.A,2005,Cars & sedans,,Drove in,sold
29,1966 INT. scout,1966,Classics,,No key,sold
30,2004 Lexus 300,2004,Cars & sedans,,Drove in,sold
31,2010 Jeep compass,2010,Trucks & SUVs,,Drove in,sold
32,2000 Subaru forester,2000,Trucks & SUVs,,Recon title|Drove in,sold
33,1975 17' AKZ boat,1975,Boats & trailers,,No key|No title,sold
34,1976 chateau R.V,1976,Boats & trailers,,,sold
35,2009 wildcat 5th wheel camper,2009,Boats & trailers,,No key|No title,sold
36,1993 Golf R.V,1993,Boats & trailers,,Drove in,sold
37,1979 Yukon Jet boat,1979,Boats & trailers,,No title,sold
38,2008 22' trailer,2008,Boats & trailers,,,sold
39,2000 Dodge caravan,2000,Trucks & SUVs,,Drove in,sold
40,1984 Audi Quattro,1984,Classics,,Drove in,sold
41,2007 Toyota van,2007,Trucks & SUVs,,Drove in,sold
42,2007 Chevy equinox,2007,Cars & sedans,,Drove in,sold
43,2005 Ford focus,2005,Cars & sedans,,Drove in,sold
44,2009 Mini cooper,2009,Cars & sedans,,Drove in,sold
45,2002 Ford escape,2002,Cars & sedans,,Drove in,sold
46,1996 Dodge 1500,1996,Trucks & SUVs,,Drove in,sold
47,1984 trailer,1984,Boats & trailers,,,sold
48,1977 Arctic Haze boat w/tr,1977,Boats & trailers,,No key,sold
49,2016 Dodge journey,2016,Trucks & SUVs,,Drove in,sold
50,2015 Dodge Ram 2500,2015,Trucks & SUVs,,Drove in,sold
51,2008 Chevy 1500 silv,2008,Trucks & SUVs,,Drove in,sold
52,2013 Ford F150,2013,Trucks & SUVs,,Drove in,sold
53,2014 Nissan titan,2014,Trucks & SUVs,,Drove in,sold
54,2005 Jeep g. Cherokee,2005,Trucks & SUVs,,Drove in,sold
55,2016 Jeep Cherokee,2016,Trucks & SUVs,,Drove in,sold
56,2000 BMW-X5,2000,Trucks & SUVs,,Needs work,sold
58,2012 Chevy Malibu,2012,Cars & sedans,,Drove in,sold
59,2012 Chry town & co,2012,Trucks & SUVs,,Drove in,sold
60,2010 Kia soul,2010,Cars & sedans,,Drove in,sold
61,2012 Subaru legacy,2012,Cars & sedans,,Drove in,sold
62,2013 Nissan sentra,2013,Cars & sedans,,,sold
63,1967 Chevy El Camino,1967,Classics,,Runs great,sold
64,1973 Ford Mustang,1973,Classics,,Runs good,sold
65,2016 Mercedes SLK300 Drove in),2016,Cars & sedans,,2-week title|Drove in,sold
66,1965 Mustang w/Extra new motor,1965,Classics,,,sold
67,2021 Dodge charger,2021,Cars & sedans,,Drove in,sold
68,2023 Yamaha Viking 3,2023,Equipment & machines,,Drove in,sold
69,Case 580B backhoe,,Equipment & machines,,Drove in,sold
70,2008 GMC 2500 HD,2008,Trucks & SUVs,,Drove in,sold
71,2025 Yamaha Viking 6,2025,Equipment & machines,,,sold
72,2023 BMW 400Gt motorcycle,2023,Motorcycles & ATVs,,,sold
73,2016 Dodge Grand caravan,2016,Trucks & SUVs,,Drove in,sold
74,1997 Toyota Celica GT,1997,Cars & sedans,,Drove in,sold
75,Summit snow machine,,Equipment & machines,,,sold
76,Sonic snow machine,,Equipment & machines,,,sold
77,1998 National R.V,1998,Boats & trailers,,Drove in,sold
78,Vintage boat w/tr,,Boats & trailers,,No title,sold
79,2006 Chevy equinox,2006,Cars & sedans,,Drove in,sold
80,2004 GMC envoy,2004,Trucks & SUVs,,Recon title|Drove in,sold
81,2009 Dodge ram 1500,2009,Trucks & SUVs,,Recon title|Drove in,sold
82,2008 BMW - X3,2008,Trucks & SUVs,,Drove in,sold
83,2005 Chevy trailblazer,2005,Trucks & SUVs,,Drove in,sold
84,2010 20' CB trailer,2010,Boats & trailers,,,sold
85,2009 Ford F250,2009,Trucks & SUVs,,Drove in,sold
86,2007 BMW - 328Xi,2007,Cars & sedans,,Drove in,sold
87,2005 Dodge 1500,2005,Trucks & SUVs,,Drove in,sold
88,2006 Jeep Cherokee,2006,Trucks & SUVs,,Drove in,sold
89,2006 Chevy trailblazer,2006,Trucks & SUVs,,Drove in,sold
90,2017 Nissan pathfinder,2017,Trucks & SUVs,,Drove in,sold
91,2005 Hyundai Santa fe,2005,Trucks & SUVs,,Drove in,sold
92,2005 Jeep wrangler,2005,Trucks & SUVs,,Drove in,sold
93,2005 Nissan Altima,2005,Cars & sedans,,No key,sold
94,2014 Ford escape,2014,Cars & sedans,,,sold
95,2007 Chry seabring,2007,Cars & sedans,,Runs great,sold
96,2003 Hyundai Santa fe,2003,Trucks & SUVs,,No title,sold
97,2008 Pontiac G6,2008,Cars & sedans,,Drove in,sold
98,2012 Nissan rouge,2012,Trucks & SUVs,,Drove in,sold
99,2008 Honda odyssey,2008,Trucks & SUVs,,Drove in,sold
100,2016 Jeep,2016,Cars & sedans,,Runs great,sold
101,2001 Lincoln town car,2001,Cars & sedans,,Runs great,sold
102,2005 Dodge 3500 Cummins,2005,Trucks & SUVs,,Runs great,sold
103,1985 Dodge ram long bed,1985,Trucks & SUVs,,Rare,sold
104,2018 Chevy Silverado,2018,Trucks & SUVs,,Runs great,sold
105,1999 Chevy van,1999,Trucks & SUVs,,No key|Needs work,sold
106,Big Sky camper w/solar etc,,Boats & trailers,,No title,sold
107,2010 Merc mariner,2010,Cars & sedans,,Runs great,sold
108,1991 Buick century,1991,Cars & sedans,,Runs good,sold
109,2015 GMC sierra 2500HD,2015,Trucks & SUVs,,Runs great,sold
110,Utility trailer,,Boats & trailers,,,sold
111,Galion 10 ton Crane,,Equipment & machines,,Operational,sold
112,2016 Maserati,2016,Cars & sedans,,Runs great,sold
113,1986 boom truck,1986,Equipment & machines,,,sold
